price,useful_surface
850,88
900,63
1400,90
580,63
1000,54
650,60
800,70
800,70
850,70
1600,120
1300,110
579,58
600,56
630,76
410,54
1000,88
6500,204
330,42
500,50
550,52
790,81
280,35
420,68
850,53
675,110
980,98
1000,87
1200,87
1500,103
800,75
900,75
249,35
750,63
580,63
749,85
1550,200
550,70
2000,141
2950,165
600,65
2850,177
1950,110
1450,71
2000,173
1300,85
420,70
1600,105
1100,66
1600,90
1000,53
740,60
970,65
775,77
650,71
750,70
250,29
3200,206
1850,150
549,60
550,50
450,70
400,55
550,50
450,44
600,60
259,36
400,55
580,63
550,54
500,60
450,44
550,50
600,65
749,80
649,58
630,70
549,55
549,45
700,59
519,40
849,75
389,36
600,65
249,30
205,30
549,60
749,66
699,52
700,100
749,75
579,55
599,56
599,55
600,65
600,105
499,50
650,90
349,36
649,62
549,54
520,40
1000,65
700,72
1100,125
900,54
750,55
300,50
750,60
390,37
1200,120
2000,175
1100,125
690,80
2500,220
870,39
600,44
380,55
450,54
3300,145
1280,70
530,60
2000,113
230,40
250,35
449,42
260,22
720,70
1200,90
1500,155
850,90
480,60
450,70
560,60
750,90
550,50
450,44
580,63
550,60
2000,92
390,40
400,50
1900,141
2300,181
500,56
700,56
450,83
340,45
650,54
650,89
540,64
450,60
550,74
1000,130
550,45
400,60
549,40
1100,94
600,58
849,96
550,75
450,60
900,88
1000,87
2500,205
550,72
2000,92
1200,98
2200,86
650,54
550,60
800,80
500,60
500,65
340,40
450,80
650,85
550,62
800,60
425,52
3000,170
290,40
850,70
3100,129
380,42
2500,170
600,58
900,77
250,35
450,70
520,45
600,65
600,90
500,50
630,75
500,62
360,60
470,56
800,65
500,60
499,46
350,40
600,65
1200,100
1700,121
1850,151
600,46
6500,203
450,74
3800,330
430,56
499,50
1100,80
500,50
2999,201
790,64
480,60
549,42
400,60
549,54
930,90
1700,210
740,72
560,65
550,40
420,60
900,53
520,52
399,41
3000,210
300,30
950,87
1500,103
950,83
3500,170
1250,90
450,56
2300,120
1500,107
2400,200
285,40
650,58
640,52
1750,186
1500,90
300,35
350,42
1500,175
1000,115
1550,190
370,65
799,55
447,65
2200,130
360,44
550,110
847,65
399,51
1350,120
1500,165
350,45
400,43
2500,300
500,57
1400,125
2800,140
365,50
206,35
547,50
430,35
600,110
450,55
700,85
340,35
560,70
665,57
1200,115
790,66
430,53
550,62
900,60
3500,250
500,55
800,65
1150,110
630,77
1299,70
600,70
850,91
450,55
680,58
490,55
2900,171
550,58
750,61
550,45
350,35
290,72
1950,110
650,70
450,56
1500,120
1000,60
400,55
250,40
490,60
599,63
490,55
270,34
1290,105
600,57
390,60
220,35
1800,132
310,50
485,65
2500,173
500,90
230,38
2600,140
550,58
390,62
290,60
300,52
1100,111
1700,160
1000,84
290,50
1700,110
350,50
300,52
320,40
320,55
219,32
250,42
460,80
2000,147
350,40
310,36
550,60
1100,90
320,42
550,60
500,76
340,38
450,68
530,60
400,37
400,37
950,145
490,46
430,60
247,38
400,50
400,52
299,58
350,35
490,55
280,45
850,61
500,62
1400,96
680,90
1500,80
390,37
360,55
450,70
900,120
390,49
520,60
520,60
1200,100
1020,90
300,51
250,28
2000,82
1800,150
400,70
500,56
600,60
1355,130
850,81
1300,120
500,55
750,90
800,110
450,50
900,100
560,64
445,56
1100,120
300,54
450,55
675,60
400,40
3000,160
530,72
390,38
680,90
1400,170
1000,63
390,37
400,53
650,59
650,80
380,44
525,75
2900,200
300,65
470,70
450,55
400,67
430,56
549,45
530,54
350,
400,52
730,70
1400,104
1000,105
450,70
230,38
1300,138
500,55
4500,250
850,130
450,55
900,110
1100,100
1400,136
520,53
400,37
800,85
360,45
1000,127
799,57
370,
499,55
400,50
600,70
350,45
1300,113
950,112
900,90
550,56
495,58
1600,85
550,55
750,67
650,97
520,70
330,55
750,70
350,60
199,18
400,53
630,80
900,65
560,68
1400,195
450,50
850,120
399,30
420,60
1250,100
2400,127
1500,166
590,71
295,40
345,61
1500,108
200,32
360,40
590,54
2700,179
1215,88
1089,70
1000,69
850,55
400,46
570,76
850,58
400,52
410,65
480,55
1900,140
350,45
475,50
230,31
360,53
1300,115
800,70
600,70
2250,250
500,65
308,65
1975,235
1500,150
900,80
460,51
1200,140
280,40
520,60
1700,150
270,52
390,40
1200,151
260,42
2000,86
700,65
370,54
400,45
550,68
380,52
400,53
950,100
1000,130
630,69
450,53
420,62
1300,90
850,100
900,90
330,44
800,85
230,42
550,54
330,46
849,60
350,50
400,62
2500,170
900,110
800,90
400,40
400,52
550,42
480,65
500,50
850,127
500,60
300,45
550,70
920,95
4000,325
470,60
600,62
450,58
2700,150
400,50
650,60
700,100
489,54
350,58
260,33
800,79
300,50
1300,113
799,70
380,50
950,99
500,60
400,60
800,70
540,50
1300,130
1500,83
690,125
600,51
465,76
850,46
270,50
550,55
720,83
299,42
410,65
460,52
350,46
310,71
900,75
790,90
700,100
750,75
480,60
1300,106
230,37
630,80
350,54
420,50
280,38
500,55
1500,83
2150,120
327,45
1600,80
360,54
500,62
1000,109
650,106
600,90
2500,155
675,73
350,42
500,55
550,61
350,58
599,78
500,52
790,95
560,54
650,55
1260,142
750,60
400,50
310,30
850,90
413,70
599,75
550,90
399,56
1500,120
900,152
600,116
450,35
300,42
550,80
1400,96
1000,140
600,70
550,100
725,55
790,80
750,58
1600,112
900,109
550,70
850,109
1600,80
360,50
700,95
410,45
260,40
525,70
650,65
900,73
1599,130
400,60
470,65
700,54
1750,130
490,42
850,65
550,60
380,45
400,39
350,30
600,54
700,63
699,60
350,40
400,44
350,60
399,53
850,46
1300,140
447,60
900,76
550,70
650,61
500,53
1500,172
1200,100
570,80
425,62
447,56
1500,77
2700,202
1550,220
1350,107
300,35
275,28
415,62
330,59
550,65
950,85
320,70
540,58
1950,135
900,61
800,73
350,50
308,50
1100,87
300,61
525,80
849,70
670,61
540,76
1000,60
1198,90
650,56
550,50
1200,115
580,56
585,52
1250,146
470,53
447,53
500,70
550,75
250,34
399,80
575,102
1000,60
280,35
1000,100
300,30
300,40
850,140
580,85
670,75
1500,130
790,92
600,60
1300,121
975,122
450,70
900,70
400,60
400,40
550,75
2200,200
650,70
380,40
380,45
4000,140
330,58
434,70
400,70
397,54
725,86
995,50
450,54
600,70
800,105
480,58
500,45
450,70
1550,140
450,55
250,41
1300,124
650,75
590,67
560,37
749,66
1200,94
260,30
850,78
950,79
475,47
470,60
450,60
950,72
850,121
3000,180
500,45
799,89
400,42
460,60
550,60
540,41
280,28
270,35
207,34
3200,290
1800,120
560,66
380,70
650,94
880,70
510,52
650,54
400,62
790,72
350,35
630,85
4000,231
750,85
260,30
560,60
700,108
1600,98
470,56
625,54
300,33
360,37
450,51
250,35
2000,128
150,54
399,60
420,62
560,54
3300,210
300,36
210,20
2850,150
750,55
480,50
399,50
1200,110
480,55
600,76
590,72
440,70
500,55
400,52
650,95
430,50
500,42
680,79
450,70
2350,200
350,70
270,52
1150,90
300,37
740,70
380,48
250,40
550,57
5000,223
320,35
799,94
1350,150
1350,116
900,114
900,90
350,48
370,70
350,70
450,48
1175,105
2500,175
400,54
425,60
500,44
600,90
2300,210
1800,135
350,40
475,70
350,63
500,70
650,61
450,63
499,60
3500,205
840,110
440,55
575,78
2300,200
400,45
1400,85
3700,201
500,80
207,36
290,39
2250,229
425,60
330,55
450,67
560,80
479,80
850,95
630,69
200,35
500,75
1600,151
560,52
391,75
1600,100
500,55
599,74
500,60
590,55
270,33
360,56
540,70
480,59
330,42
1300,75
480,90
285,50
550,70
320,62
800,70
450,87
550,42
250,40
500,60
450,70
599,60
1600,122
500,150
980,120
420,50
330,30
1300,110
420,37
850,114
700,48
475,42
320,62
900,46
747,75
850,58
600,80
825,134
360,45
750,73
900,68
600,90
1500,
860,80
2000,105
449,45
550,50
350,40
320,42
749,70
400,50
330,44
750,120
450,70
295,34
500,70
400,49
600,75
450,100
380,70
600,80
350,44
410,40
450,56
525,60
380,37
530,69
250,20
350,65
310,46
650,110
1500,112
600,60
360,52
699,61
2150,212
370,41
550,65
500,41
749,85
800,70
500,60
450,57
350,50
2800,142
1400,130
390,28
340,36
350,37
600,80
600,58
549,55
490,45
7000,288
580,65
2500,111
450,50
350,37
480,50
360,50
350,43
499,55
750,67
450,70
520,49
590,80
350,75
500,50
900,70
1100,85
380,56
499,70
525,76
850,55
1000,173
550,80
420,63
350,50
300,43
650,60
295,49
400,65
900,67
500,80
570,70
250,60
1100,86
500,50
330,68
520,51
330,38
227,31
370,55
550,52
250,40
1600,184
700,65
750,130
1700,210
400,80
350,45
2000,112
549,64
250,32
660,70
425,60
499,62
465,50
850,70
600,90
380,56
2300,220
500,60
400,48
1300,110
450,52
700,55
249,37
2200,171
220,18
800,70
1300,120
250,32
630,80
400,40
800,105
550,65
450,45
400,55
2200,170
369,81
349,55
590,62
599,90
899,57
400,50
699,65
450,80
220,30
730,50
1200,120
500,45
750,81
990,96
900,125
450,60
200,22
470,50
600,70
1400,135
790,80
299,42
490,50
375,70
310,30
350,70
650,58
420,58
500,65
425,60
230,35
340,38
625,70
2999,145
200,39
850,80
975,108
250,35
550,45
580,63
350,72
580,78
370,60
500,68
750,110
1350,87
260,30
425,60
740,98
480,50
260,28
260,32
1050,76
350,40
1200,107
649,100
369,53
515,90
600,80
380,60
700,65
300,48
700,80
250,36
350,45
399,60
800,63
2500,190
250,42
900,75
600,67
5000,243
480,68
900,88
675,85
2499,173
400,84
330,75
1000,140
380,70
360,40
275,23
550,70
1150,88
230,26
600,90
550,39
770,70
330,42
500,49
550,55
550,54
650,110
499,80
300,53
500,49
450,60
300,65
300,61
340,37
550,72
429,45
400,70
275,35
470,50
550,56
450,45
420,59
550,85
740,100
499,75
670,88
450,70
370,70
225,31
300,33
450,60
370,55
690,82
265,45
400,54
1500,182
450,65
420,56
480,80
480,60
549,75
599,57
600,60
400,50
390,45
399,70
730,75
470,55
800,100
550,54
699,110
370,55
850,65
280,40
490,53
299,30
300,42
450,62
400,72
2800,168
320,41
450,50
1700,110
329,34
1350,113
360,27
280,40
3000,185
599,52
500,50
800,114
350,37
400,55
650,58
360,40
450,55
3500,157
1000,58
320,62
900,100
750,110
350,45
320,70
550,60
350,35
480,85
700,80
530,70
350,31
480,50
320,45
450,40
700,70
449,60
450,49
1800,140
700,65
450,73
1050,77
700,47
370,39
460,43
720,83
590,37
200,20
350,55
270,32
399,60
800,129
350,52
390,54
350,80
500,65
360,65
350,65
1050,70
650,80
360,
380,42
470,51
250,39
630,80
450,68
250,50
500,65
420,45
1100,130
550,70
400,72
590,55
380,54
700,55
650,70
2450,150
800,116
269,36
550,70
1400,140
800,105
500,64
500,69
460,64
330,40
450,54
1250,130
1100,130
4200,208
1500,160
470,50
1250,110
350,50
1100,108
275,42
520,55
450,60
500,50
450,53
700,70
950,61
500,58
1700,112
600,75
1350,90
250,25
450,40
900,100
330,50
260,30
400,45
500,58
300,48
799,80
490,60
365,46
2200,171
344,32
650,100
520,60
370,67
430,50
470,47
3900,223
400,70
300,42
400,50
350,55
350,46
799,110
800,120
449,54
350,40
350,35
220,40
500,56
650,95
649,78
700,73
250,63
730,76
1000,135
790,75
1800,140
850,92
205,35
727,75
480,64
350,50
450,54
385,49
340,
2000,101
525,75
230,37
480,55
1600,90
350,35
950,109
1199,147
400,45
420,65
599,75
470,50
390,40
790,100
700,78
320,50
300,55
1500,126
225,20
380,55
700,75
280,40
380,58
750,76
550,60
360,40
300,40
350,44
350,38
600,90
450,70
400,54
400,55
300,55
1300,80
435,70
840,115
330,54
890,
400,80
1200,108
1200,98
900,55
450,70
280,40
650,61
470,100
360,52
550,74
450,67
950,90
265,32
1950,114
530,60
600,50
900,90
370,51
427,55
650,53
380,54
280,35
299,31
600,81
1350,120
499,71
630,96
500,80
600,55
450,48
460,70
430,54
550,46
415,65
800,70
299,40
650,62
300,30
490,75
500,65
560,68
750,75
395,55
1000,122
450,50
1100,120
300,56
650,77
620,88
750,100
375,70
250,23
475,50
450,70
599,90
1500,120
450,60
849,70
350,45
350,50
650,56
330,64
649,100
350,51
460,55
620,115
650,70
400,67
450,57
900,96
550,85
299,40
1350,92
400,47
390,57
280,45
350,70
900,90
350,39
240,32
420,60
400,35
380,38
650,90
1400,79
550,55
1300,70
420,72
350,60
350,57
300,50
350,56
1250,90
1250,100
1200,142
1300,120
1000,68
650,60
599,60
745,115
290,32
550,60
800,75
430,50
350,55
870,
480,77
620,75
300,40
400,60
380,50
250,30
375,60
350,41
825,75
349,50
400,64
280,36
370,60
600,65
1150,75
900,57
600,68
1100,120
750,84
329,50
400,93
320,36
400,49
850,81
499,80
500,54
690,80
700,85
360,50
375,84
999,120
300,33
550,70
500,34
360,66
750,114
625,60
400,36
550,80
3500,180
330,40
400,54
800,86
2400,170
450,90
400,50
550,55
550,86
270,49
850,74
500,70
700,75
279,73
250,35
1500,110
570,64
380,75
2500,132
600,58
600,80
350,35
800,98
460,55
600,75
550,100
520,85
700,70
420,72
1100,65
450,90
899,98
650,66
320,30
260,42
580,65
400,55
750,109
360,50
1700,160
699,90
890,80
300,45
580,60
600,75
3500,216
250,34
1200,86
250,29
530,55
500,64
410,50
300,67
300,42
1400,105
850,82
625,92
1200,150
650,50
390,57
330,40
850,82
480,58
1200,112
600,50
1050,85
580,63
1800,132
550,74
450,70
390,40
360,50
990,120
400,54
650,75
320,60
590,77
550,70
600,50
430,86
450,60
1550,140
650,65
450,55
320,42
1800,132
1450,145
550,90
575,80
1200,90
400,57
420,45
411,80
1600,100
400,60
205,21
350,41
2500,130
550,85
499,63
225,21
450,77
600,60
479,50
495,51
350,38
1500,95
1600,120
850,97
430,57
700,126
360,53
450,40
1300,188
300,36
400,26
850,100
380,80
1490,141
380,45
700,85
290,43
380,53
400,52
570,64
850,95
499,50
450,67
399,50
400,55
300,32
550,65
350,50
470,50
420,55
400,55
250,35
280,32
450,65
350,45
300,30
500,58
400,65
450,60
750,80
380,40
550,82
320,45
550,70
480,68
440,46
500,78
900,77
415,65
430,45
325,75
650,78
450,65
680,65
650,70
330,37
479,95
600,80
1300,110
480,64
385,38
670,270
250,30
530,55
540,65
600,58
680,112
1800,180
600,55
535,70
350,43
399,54
650,60
548,66
450,70
350,37
530,50
350,50
475,50
990,140
600,82
480,95
250,43
300,50
250,35
630,85
2400,190
600,65
630,96
490,48
550,57
350,58
1450,82
350,54
550,75
350,62
600,74
250,35
1399,135
580,72
395,58
800,80
600,40
450,55
310,42
825,107
250,37
210,32
490,60
280,58
450,50
310,55
525,46
385,58
400,60
775,85
449,44
420,43
350,45
1200,110
400,34
390,46
390,66
3600,155
499,80
350,50
599,70
1380,109
350,50
400,60
350,32
547,55
360,55
500,90
600,85
350,58
300,40
300,50
450,50
680,60
450,55
510,70
250,40
425,45
450,75
260,50
2500,155
450,78
545,54
500,41
715,95
335,38
450,60
499,50
300,33
550,52
320,26
280,48
2190,130
300,45
350,78
600,65
699,90
325,40
420,56
400,47
950,83
520,70
550,60
3500,178
500,70
500,50
390,37
500,50
525,50
697,75
1600,88
550,61
300,32
380,57
450,37
335,60
225,34
400,54
2800,171
680,75
700,70
400,54
1090,141
300,64
470,69
560,87
450,58
850,80
1500,100
480,70
236,34
300,50
799,60
770,77
310,44
1150,135
270,54
500,60
550,80
570,67
750,75
500,60
390,63
450,53
575,74
480,52
570,102
400,67
1000,64
350,55
1100,120
850,145
250,30
450,50
550,65
345,45
450,50
499,75
290,30
750,90
460,51
250,33
380,55
550,55
300,
399,60
1000,75
450,60
490,57
400,46
480,55
650,80
1175,87
630,60
350,43
380,42
330,50
3000,165
440,63
1000,100
249,20
550,61
400,56
450,59
500,70
470,80
600,100
650,60
430,70
1835,134
400,55
500,52
1300,130
899,140
540,80
470,85
300,42
480,51
1500,156
1500,100
2100,192
300,42
649,80
350,48
790,110
550,80
6500,350
299,50
250,38
480,55
1990,150
440,52
430,56
900,85
450,70
280,54
460,51
750,95
300,40
799,105
500,55
340,55
480,90
450,85
697,70
2200,200
1900,155
1600,150
3000,160
340,57
450,44
950,88
250,42
700,85
3000,157
345,70
700,120
800,55
450,60
3500,221
700,110
330,62
380,38
450,59
1200,130
450,62
750,80
365,50
500,80
550,80
300,67
850,101
1500,77
300,50
550,100
700,60
350,44
700,73
460,55
700,90
300,48
430,50
700,85
400,62
500,75
590,64
550,82
400,55
600,54
2350,182
400,74
287,34
450,56
599,125
1900,170
380,55
410,71
380,36
385,54
350,32
300,45
850,97
800,70
550,60
400,74
620,118
480,42
850,62
450,45
500,54
2499,200
400,76
420,60
450,50
825,107
750,51
350,50
700,76
450,54
400,51
1200,112
350,34
449,49
650,70
700,68
330,52
400,30
550,50
295,42
400,70
370,55
300,36
300,45
490,55
500,80
250,31
4000,200
2100,169
790,105
1600,100
190,30
430,70
520,56
299,50
500,74
400,69
240,35
500,54
900,85
790,75
1250,133
700,95
350,55
380,55
500,60
450,50
890,86
500,90
400,52
399,60
560,50
350,75
850,70
300,36
380,37
400,50
300,30
280,58
480,64
710,105
370,50
500,68
950,96
380,52
415,40
430,50
699,82
700,90
250,33
295,35
400,55
450,65
597,65
1500,100
440,47
850,140
350,50
325,50
220,31
450,50
550,80
400,53
850,70
340,25
425,58
350,85
500,70
400,68
600,
700,70
500,65
480,56
549,80
850,128
470,50
400,60
400,46
1100,80
360,54
449,55
400,45
1500,141
400,45
645,60
650,65
300,35
460,60
450,55
380,53
1250,131
600,52
350,34
990,50
449,72
600,75
450,54
400,60
700,57
750,100
700,136
450,49
420,70
600,67
500,55
1500,110
210,34
450,
420,70
480,61
330,53
720,74
299,25
450,44
2800,125
380,50
1600,180
600,105
330,45
420,42
210,22
400,74
350,35
590,65
200,45
500,65
870,50
600,54
499,46
350,75
550,36
260,33
650,95
450,60
450,50
390,52
430,54
480,64
250,40
300,37
280,38
500,89
350,58
600,70
890,80
330,60
520,50
400,55
850,160
530,63
350,24
450,40
350,35
265,29
550,68
370,52
1200,110
550,50
490,65
340,60
450,58
2600,182
400,44
700,120
350,40
700,108
649,75
530,56
680,81
400,45
1000,106
600,58
550,70
480,60
900,79
700,45
410,50
1350,112
1300,120
850,120
1500,95
500,75
450,45
1400,90
2300,165
560,48
750,90
400,65
340,33
500,70
799,98
900,85
350,54
350,50
375,60
600,50
270,54
499,57
250,55
405,56
459,75
550,50
2600,234
500,55
250,38
600,55
450,54
800,110
430,58
495,51
320,55
380,43
800,80
1620,162
1200,157
280,40
700,109
349,50
2800,170
380,52
350,35
350,52
1000,70
420,73
550,50
275,42
375,72
410,50
400,70
390,47
1350,120
400,46
550,70
1000,65
700,55
550,
205,22
309,60
350,40
480,60
600,50
380,50
520,43
360,50
449,45
900,50
480,70
300,38
500,74
250,30
420,43
470,50
480,60
350,38
500,55
2150,120
300,58
750,120
550,68
560,60
551,59
1250,160
2200,115
800,75
750,58
420,68
600,60
1350,86
699,52
300,50
380,53
400,58
630,89
430,75
399,36
799,120
1900,155
1550,195
440,66
750,70
700,80
675,58
380,56
600,60
335,33
247,30
300,39
500,53
550,50
1100,108
550,66
1000,90
647,65
380,62
2600,168
370,42
525,98
650,90
420,35
380,64
269,31
900,120
270,34
290,38
600,80
390,100
430,87
650,60
330,30
550,65
300,28
440,54
650,58
650,60
360,33
400,48
470,78
400,55
480,55
300,55
400,56
3500,147
800,70
450,67
490,55
999,120
475,65
1390,125
375,40
460,68
400,46
599,61
370,38
350,40
1200,177
330,55
1200,120
290,55
2500,185
550,70
2500,130
689,67
900,120
600,53
600,76
500,74
200,42
590,86
410,52
290,
1500,77
470,85
350,60
350,52
499,56
950,90
447,65
499,48
799,82
490,75
300,55
1190,120
580,60
470,50
750,74
599,115
1200,106
600,54
380,40
590,70
330,42
4000,241
600,78
370,35
500,55
800,87
850,65
650,98
599,
490,75
1200,107
480,60
249,40
480,65
500,56
500,60
700,80
350,35
450,79
650,70
990,120
700,75
270,40
680,93
280,32
370,36
4900,350
1250,120
920,80
2600,143
300,55
325,37
1800,170
845,75
350,46
350,57
550,
270,30
350,60
500,60
549,98
400,60
790,80
380,55
850,103
330,32
750,80
1299,140
500,56
650,94
270,32
550,41
430,87
800,100
450,70
550,75
750,64
550,71
330,45
700,80
650,80
625,64
600,101
400,55
900,110
2100,169
279,31
700,85
420,55
300,59
900,85
289,42
1600,100
260,32
270,28
400,58
230,40
500,70
619,73
1050,150
240,32
599,60
460,50
500,45
390,58
600,68
440,45
350,58
580,100
1600,160
280,37
1100,106
750,60
290,42
600,67
380,30
450,45
1000,98
580,65
380,56
350,55
350,36
600,60
1399,135
400,38
290,52
480,85
300,36
1600,194
300,31
330,45
1200,117
890,91
310,58
299,40
550,55
600,65
560,79
300,30
675,54
1350,107
280,35
329,55
1200,125
1300,105
650,60
550,70
290,25
351,55
600,70
1000,200
470,80
2600,160
370,48
420,60
280,35
400,60
250,30
688,62
345,40
1100,90
2190,130
310,34
1000,140
369,65
750,80
1100,150
500,63
250,32
350,35
1400,112
650,70
470,85
900,86
196,38
480,51
330,37
1200,89
660,78
500,65
570,103
700,80
490,72
697,65
900,100
349,54
1000,160
330,55
340,40
450,65
280,32
550,60
550,100
430,40
550,60
550,60
1850,174
350,55
400,70
550,52
450,60
460,58
750,110
280,40
250,40
420,51
380,55
300,34
549,70
900,88
369,40
1695,245
699,80
1800,105
420,52
330,70
300,37
500,54
1600,152
520,67
290,48
299,30
550,50
401,65
449,50
1700,172
299,55
450,50
670,75
1000,119
2000,149
1200,120
250,33
270,36
800,80
450,60
3200,172
270,28
490,79
380,64
400,56
550,50
420,51
250,28
360,45
350,54
275,35
270,32
380,50
700,101
290,40
400,80
2900,175
300,29
475,55
300,40
250,26
825,100
1400,136
700,80
400,40
420,50
700,80
499,53
450,45
320,30
500,80
1250,151
500,49
350,48
950,86
300,40
2500,235
3500,205
300,40
399,55
360,37
430,54
300,30
250,33
899,92
450,50
800,140
318,
450,54
650,60
370,82
649,75
480,54
580,70
450,45
580,60
340,34
380,55
350,56
650,50
288,55
350,58
500,45
250,38
450,55
400,54
450,65
280,53
500,65
370,55
475,70
650,50
550,70
1900,151
750,90
430,46
1450,95
250,33
300,57
380,55
370,58
3100,171
395,54
1100,90
420,53
450,52
380,45
420,80
590,60
470,64
650,55
420,73
250,34
1450,106
2200,180
300,25
550,54
250,50
260,54
300,67
350,44
650,55
490,70
550,67
1250,90
270,36
399,45
400,46
310,51
280,38
250,38
750,60
400,65
600,110
3300,176
500,86
370,64
1350,90
300,55
700,84
350,54
550,74
500,56
430,65
380,34
280,44
1800,131
470,45
250,36
650,74
1100,110
390,54
280,35
290,40
280,40
480,60
500,68
600,110
899,130
300,50
430,40
230,40
290,36
530,67
410,60
225,24
320,30
1500,83
1000,93
270,36
1100,80
400,45
370,45
650,70
320,35
1050,80
3200,220
560,49
650,70
400,50
420,48
550,70
550,48
600,60
300,56
430,45
490,75
480,56
623,65
1000,100
300,54
750,130
690,80
1500,106
220,30
400,60
240,40
1500,151
320,56
3000,157
350,42
1250,90
800,90
1100,66
350,
340,40
450,
549,67
4500,245
400,60
380,35
780,80
450,55
700,60
380,36
340,76
625,63
300,42
790,100
370,50
420,35
1300,98
400,50
350,30
425,50
2000,92
2350,200
400,46
350,50
380,40
2800,206
2000,170
400,40
799,100
590,54
600,54
220,32
1300,110
400,76
1500,210
440,48
2500,107
850,50
400,52
400,33
750,80
370,55
800,100
399,56
300,50
350,45
420,54
900,80
480,50
650,100
440,50
350,35
375,58
575,90
1000,
400,29
3700,165
700,50
350,30
1200,107
600,70
430,51
530,75
700,60
350,40
1250,133
1500,130
400,50
370,60
599,68
499,70
350,50
500,80
1600,90
1200,62
450,67
500,60
549,52
499,61
600,70
380,60
350,55
300,52
450,78
320,55
600,128
240,33
1900,155
525,
524,46
300,42
549,50
630,57
990,54
780,68
450,46
698,80
399,60
2200,182
575,57
400,55
320,64
400,50
520,51
450,69
1000,143
500,52
550,65
360,50
450,50
460,55
600,65
400,42
300,42
430,78
380,60
350,60
350,35
600,80
649,62
320,50
650,60
450,54
380,37
350,48
700,86
600,57
625,92
330,35
360,39
1700,132
1100,98
590,55
1150,100
370,60
300,55
400,55
440,50
450,63
390,59
1100,66
525,75
630,65
2000,140
280,60
3500,283
570,31
850,77
340,56
850,100
300,42
3800,198
500,50
270,42
490,60
750,47
849,68
6000,200
450,55
550,70
499,100
240,40
299,45
410,80
1420,170
350,50
440,60
500,78
540,65
550,65
1000,150
975,122
800,80
250,50
380,40
329,57
330,40
385,50
350,38
1990,90
1900,141
1200,120
350,24
740,70
590,100
950,70
300,30
550,55
340,80
600,95
400,50
1200,87
350,68
350,42
380,75
225,29
450,56
300,50
740,86
700,77
300,40
1950,120
300,54
340,30
900,100
550,75
550,58
640,72
700,55
400,40
350,75
1500,106
500,57
300,42
850,65
420,70
370,60
399,42
355,39
350,53
500,50
600,83
2700,180
351,62
550,56
300,40
230,32
450,64
750,100
420,53
500,84
350,35
499,56
308,38
490,50
450,65
750,67
700,95
350,45
460,50
325,50
699,57
650,58
725,90
430,60
577,65
350,40
200,28
900,93
370,55
1800,140
330,65
800,135
675,86
680,80
2600,190
500,50
330,25
400,36
350,65
270,32
500,60
700,73
550,78
480,59
390,45
450,70
500,62
280,56
500,60
400,51
350,40
280,32
570,74
450,56
449,50
310,63
825,123
450,43
789,62
350,39
3800,235
300,30
470,64
2700,160
1100,105
500,65
500,74
500,45
440,55
400,76
300,50
257,42
749,50
550,56
380,48
400,40
2200,170
350,50
450,60
450,47
500,78
300,42
450,57
600,100
1000,90
450,80
700,74
355,55
650,90
920,70
375,54
600,97
750,80
270,36
2500,174
460,49
11000,411
750,110
330,40
650,68
1100,97
500,54
1990,132
550,63
380,60
380,51
950,130
330,80
650,60
800,82
450,70
1899,150
475,
590,64
400,50
850,65
400,53
550,55
420,55
425,52
350,56
599,70
330,55
299,52
850,80
300,70
390,57
246,36
450,67
595,93
422,57
400,56
250,30
230,18
600,73
1190,110
1300,80
300,65
750,133
1300,145
1300,150
1500,115
225,40
1300,134
300,56
385,60
650,73
399,45
550,95
3990,230
900,80
700,115
360,52
620,76
590,74
789,70
350,70
499,80
250,32
270,34
500,55
499,54
900,75
425,50
1890,110
890,55
549,76
360,57
850,75
695,66
450,50
1300,96
520,52
799,98
3500,180
375,55
370,55
450,60
830,80
500,65
3000,250
1200,120
1400,140
300,40
500,51
400,37
550,70
300,37
600,58
370,38
520,54
480,59
1190,110
550,52
400,56
250,30
350,50
300,32
400,65
430,82
550,85
420,65
1100,104
300,42
400,79
650,82
390,52
350,52
850,120
580,65
360,30
450,54
849,60
950,70
550,80
537,80
850,55
1000,100
275,50
579,58
790,64
550,80
1400,151
360,48
400,58
290,38
260,52
1825,90
550,75
667,56
250,36
530,60
749,85
250,30
380,35
1300,134
3500,225
700,87
450,58
470,55
349,50
500,90
299,55
750,75
1500,150
349,55
550,87
300,25
490,68
360,33
780,114
260,27
495,71
520,50
450,50
339,67
600,60
665,82
400,63
2300,169
400,55
280,28
380,55
500,90
500,80
800,100
2900,125
600,96
390,42
430,56
350,70
450,53
280,44
1600,130
450,45
390,42
370,41
450,50
415,74
550,120
400,65
300,62
400,60
600,55
500,97
350,37
380,42
450,65
360,50
367,50
500,60
1250,80
500,72
390,57
520,78
1000,109
750,75
3800,260
550,60
700,86
625,67
380,55
750,69
790,86
680,80
320,38
1000,90
550,58
500,60
480,64
850,77
1290,160
450,80
390,30
320,30
330,70
350,37
500,50
450,50
450,56
400,55
257,37
1650,85
799,140
350,61
550,70
800,80
250,38
700,105
600,82
450,65
450,63
300,45
800,66
625,98
500,53
4000,175
250,30
450,60
1000,65
450,52
420,70
550,60
400,40
380,67
750,70
650,58
390,78
550,44
290,50
250,30
450,62
475,60
490,45
1500,145
450,45
500,54
400,55
1500,80
430,60
415,74
420,60
350,42
300,40
411,70
800,80
425,60
565,85
320,40
420,55
330,64
2800,200
370,45
320,40
1090,68
2100,135
400,45
850,62
430,50
500,85
850,60
430,51
400,70
450,54
449,70
2400,186
600,80
395,59
500,45
800,85
595,72
800,90
475,48
700,58
400,37
600,55
775,84
999,80
1400,110
650,60
449,34
380,60
500,68
650,67
450,50
300,60
500,72
970,67
700,105
500,50
1800,130
400,40
350,52
400,50
650,65
600,80
300,42
320,40
700,66
280,32
530,50
549,50
320,41
850,62
400,50
1950,150
800,80
680,93
380,49
320,35
400,50
650,72
400,55
800,55
350,45
340,55
390,65
1050,95
1900,200
599,58
1190,65
275,42
950,102
400,33
550,65
320,43
259,40
579,58
450,70
500,70
1550,142
250,32
400,50
450,75
300,39
1500,150
3000,210
300,40
520,80
300,42
280,40
570,70
350,52
500,70
349,52
350,55
580,65
400,55
350,40
450,60
350,54
259,37
550,73
800,85
310,40
649,55
550,64
600,65
600,63
470,65
400,80
400,47
349,44
590,80
550,65
1200,110
450,48
270,35
500,58
879,105
400,80
680,100
420,55
300,35
1500,168
320,23
830,65
445,42
850,110
250,42
1150,155
700,60
550,76
700,105
270,42
900,62
260,40
580,70
280,52
399,65
400,50
750,57
539,67
750,110
350,60
800,70
400,59
920,70
680,115
550,70
320,33
460,50
500,37
350,42
300,34
400,70
250,32
400,60
500,60
600,62
1200,150
1000,69
500,
600,65
320,36
206,50
1300,100
350,50
520,60
1200,115
599,70
390,50
580,60
620,115
350,42
500,59
600,100
300,65
500,50
280,61
700,55
263,32
330,30
480,80
370,47
439,70
1500,182
550,58
290,30
450,78
625,63
270,30
280,30
399,40
260,33
1200,82
1500,240
1100,62
3000,175
600,72
500,76
280,42
4000,182
460,50
360,32
227,38
390,65
650,68
850,165
270,31
270,31
250,35
550,76
1000,91
900,130
1250,100
1050,112
1000,58
999,77
280,52
600,52
550,50
650,60
380,84
350,60
1000,83
480,78
350,64
599,70
500,65
500,25
550,65
1100,100
490,55
260,33
2999,233
2800,171
250,25
300,38
850,80
550,54
790,64
420,40
300,42
347,45
320,48
450,50
3600,239
430,51
280,40
390,42
680,80
650,68
385,58
1150,100
400,73
450,61
320,52
550,70
800,72
189,24
550,80
700,89
450,65
600,64
250,36
240,32
399,54
1500,200
400,120
900,90
750,95
450,85
1100,107
850,81
900,120
400,54
790,110
450,51
1200,108
630,60
325,50
400,75
800,65
569,56
380,72
850,79
850,77
450,33
520,40
2200,165
330,42
400,70
1400,88
425,60
399,60
450,60
350,50
1450,110
350,75
420,68
450,42
690,110
550,117
490,68
480,72
400,40
400,60
600,68
1500,168
670,70
430,55
1200,96
2200,180
400,55
250,37
900,102
390,100
299,65
649,90
390,37
540,68
550,70
1950,110
5500,148
580,63
600,60
330,55
399,68
850,90
550,54
390,54
450,62
310,40
499,60
500,50
1100,98
430,75
790,80
700,84
340,70
450,75
1600,145
4000,325
550,77
250,22
600,65
595,65
500,80
330,56
620,100
580,57
300,50
300,38
650,55
500,50
420,60
700,66
1250,105
475,50
350,44
2800,190
517,52
350,65
630,125
350,50
1100,135
330,42
450,56
550,62
600,80
450,50
797,100
6500,320
380,38
270,32
349,50
350,65
625,70
335,56
300,60
2299,150
999,90
550,54
290,52
400,57
500,53
400,56
520,64
210,33
400,54
1200,170
450,67
310,49
410,56
450,50
490,45
390,48
410,54
430,45
699,98
850,58
599,55
790,79
300,30
750,66
500,53
1400,86
419,55
525,65
250,42
450,55
1550,135
330,40
400,48
1000,89
900,128
270,33
418,65
290,50
260,30
550,99
750,86
1300,108
2800,185
349,37
330,42
450,45
1100,115
2500,110
399,78
500,60
360,57
1500,110
400,56
350,58
320,55
790,110
300,55
230,34
310,54
320,40
440,52
430,63
400,60
690,95
225,30
390,50
300,37
529,75
380,55
360,68
1600,120
310,59
700,90
2000,145
500,55
370,38
290,45
675,60
900,130
3500,199
550,59
750,70
349,50
210,30
380,40
300,30
949,112
270,32
250,16
3700,222
450,52
550,50
389,55
290,38
350,54
320,50
290,36
1000,96
350,41
399,65
399,90
420,72
500,60
400,62
400,49
420,58
3300,205
389,43
1050,112
300,40
420,60
660,85
297,32
300,35
600,59
670,56
490,60
599,60
750,70
650,60
999,98
260,40
400,40
1550,109
600,60
275,31
800,110
450,70
399,62
370,44
370,35
620,70
399,40
300,55
550,58
500,60
3900,413
230,40
550,59
550,74
849,115
1099,105
480,62
385,45
390,58
465,52
750,54
375,51
455,63
700,91
390,54
600,43
500,50
590,54
450,60
480,60
450,60
450,75
500,60
1200,111
699,115
750,80
365,52
550,60
800,105
549,80
440,42
290,50
600,100
248,30
350,54
680,100
350,35
670,60
500,74
1690,169
320,60
250,40
520,60
1600,146
290,37
2400,180
350,50
530,56
300,45
470,50
310,33
225,25
950,56
380,60
1400,148
500,55
650,63
315,50
700,110
550,70
400,50
390,68
750,60
850,120
390,42
400,60
280,38
600,84
500,46
400,52
850,110
420,50
380,75
3600,190
280,30
300,70
449,56
750,85
520,70
450,60
450,57
1100,90
700,59
450,55
1000,90
1500,110
900,160
320,40
320,50
6500,221
1250,100
1600,100
650,85
387,36
275,25
299,56
950,146
668,80
240,47
480,64
2700,179
350,47
400,55
650,89
950,85
530,100
1600,180
2850,223
1100,90
280,40
847,80
400,55
649,80
700,109
830,100
679,115
950,80
450,40
500,60
300,32
675,60
500,64
320,35
500,80
600,60
299,50
550,59
850,166
450,54
350,62
500,77
1100,80
750,86
2850,98
2600,120
470,50
500,52
340,67
1500,85
750,63
250,24
1900,140
450,81
830,130
350,47
950,82
351,55
700,90
600,58
370,44
310,50
2200,211
450,56
400,60
410,57
449,56
450,40
600,58
600,50
1000,80
370,38
690,89
550,95
890,100
670,80
1200,95
300,30
339,40
600,55
300,50
480,53
580,52
700,105
430,55
550,54
799,100
680,96
375,60
550,70
450,50
350,65
1000,102
3300,330
275,
750,120
290,32
720,130
450,60
300,32
420,65
335,54
270,32
365,52
1199,155
400,75
300,38
411,70
415,70
500,105
350,60
400,71
385,55
390,50
650,90
399,80
625,84
450,75
650,62
1550,104
300,25
550,70
590,50
680,75
899,80
1500,77
514,120
220,43
290,34
560,50
300,56
340,55
550,65
450,85
550,80
340,46
350,40
385,54
600,54
700,91
370,63
280,36
499,42
600,74
465,50
570,72
270,75
650,72
600,96
430,60
365,62
1100,150
400,48
430,55
2000,95
380,60
500,50
1200,89
1900,150
550,60
400,50
420,56
1500,132
550,76
749,85
1900,110
400,65
1980,132
430,50
600,72
699,57
350,65
800,83
520,60
600,90
500,61
650,80
590,70
400,52
435,40
550,50
700,76
400,105
500,90
2300,220
1199,100
400,40
260,36
525,75
320,31
380,70
700,70
1000,100
670,62
600,90
1270,108
480,75
425,50
500,83
370,58
380,56
600,54
500,48
550,85
750,56
600,75
290,55
1600,160
390,54
400,56
206,26
1350,89
299,30
250,30
350,60
480,65
400,100
2300,113
699,68
250,35
320,40
2190,130
740,98
310,27
700,61
268,56
1150,90
480,
425,50
1850,122
290,42
620,88
4900,350
400,50
550,50
270,55
445,64
750,74
600,82
450,
400,42
350,80
580,63
390,50
400,62
1199,110
450,65
360,75
400,50
350,70
2500,155
330,56
849,60
570,89
480,56
320,50
700,95
450,48
530,100
1300,109
3700,221
410,40
580,77
320,51
450,65
500,65
500,60
1500,182
350,37
600,60
320,30
250,42
450,70
247,32
449,72
247,32
499,100
200,30
350,50
370,35
400,52
570,50
250,34
400,
600,68
375,34
500,90
370,40
420,55
700,52
350,40
300,55
760,80
380,41
440,45
4200,193
400,60
270,31
700,80
550,80
1000,60
270,32
390,55
750,46
630,60
900,55
400,40
350,40
1400,135
1200,138
460,45
400,35
250,35
250,32
480,42
400,55
495,80
390,65
275,38
500,70
397,50
900,89
1100,95
1600,120
2000,125
350,37
950,100
430,50
288,30
480,75
500,57
1200,80
550,59
520,85
350,40
600,60
270,28
600,65
310,42
480,55
720,50
250,36
1950,114
280,30
550,60
449,53
450,51
380,54
420,70
420,52
350,47
310,55
380,80
3500,165
410,72
400,40
360,65
360,57
420,55
350,75
1200,130
847,100
450,41
700,97
500,89
350,58
250,35
1100,112
440,50
1200,110
550,62
500,50
330,53
680,78
349,70
450,55
500,73
790,148
549,54
1400,150
600,120
350,52
460,50
380,60
350,61
1250,98
500,40
300,40
675,60
320,39
800,75
300,35
899,90
550,54
500,55
250,35
790,110
350,70
500,81
550,84
1000,108
875,105
350,50
2600,187
1499,150
430,55
550,60
690,100
850,65
380,60
550,54
530,60
500,60
450,48
400,65
1100,81
470,70
280,26
1000,95
350,50
400,71
250,40
1200,111
410,60
280,54
300,38
300,55
450,63
579,58
450,61
1000,57
1900,155
350,30
1300,112
290,50
400,60
380,60
549,70
490,75
300,38
600,60
650,95
690,66
790,70
550,70
400,71
550,76
500,70
449,50
340,30
350,42
490,55
899,120
650,65
1200,110
270,34
350,54
550,100
1300,130
750,105
440,50
350,60
495,52
550,52
1400,117
210,20
750,78
270,50
350,45
579,58
420,54
420,50
500,72
399,42
450,50
490,75
3100,216
320,56
260,44
400,50
500,82
650,65
430,55
550,60
1000,130
450,78
1250,130
850,70
450,50
465,55
400,53
700,75
1200,146
2999,167
250,32
1100,140
250,32
560,50
1100,80
1950,116
400,40
670,60
398,67
460,55
400,65
630,60
400,70
600,103
2400,145
790,110
600,75
820,130
460,60
900,60
500,60
1000,90
226,40
550,68
260,54
347,50
1000,60
400,45
330,32
315,40
350,62
701,90
2200,165
520,50
449,50
550,65
800,90
480,90
450,50
250,40
350,40
3900,350
750,82
500,80
500,70
200,40
300,40
550,50
380,55
250,45
600,90
450,70
1650,160
320,35
600,60
325,31
350,60
1000,120
1199,100
530,80
420,54
420,70
380,75
350,35
580,51
1400,90
400,60
1100,110
310,41
1000,139
500,80
501,55
550,62
550,71
2000,310
650,74
449,50
350,37
250,35
990,112
390,35
399,55
250,34
330,58
320,60
1100,116
430,58
1100,85
2300,291
280,31
750,75
350,40
420,75
1600,130
1600,111
270,35
600,74
300,42
500,83
1000,112
380,60
420,85
500,67
450,65
399,55
1200,97
450,50
650,80
650,92
400,56
450,75
350,40
450,70
500,50
380,60
340,45
330,67
290,36
1200,80
500,70
500,60
1089,70
500,60
2200,220
280,30
240,40
2900,155
850,53
250,36
570,80
350,40
750,80
1000,100
490,80
550,60
250,30
550,50
420,60
450,65
450,58
400,70
480,72
300,54
250,30
290,56
1700,84
1700,150
330,57
580,69
950,65
500,65
590,60
1500,150
290,35
1900,150
650,100
300,40
370,55
400,65
1200,120
450,65
550,80
700,86
1400,185
650,90
2500,145
230,32
1190,125
560,65
650,65
570,85
370,55
600,60
600,54
800,80
650,62
300,50
500,70
480,48
1500,125
400,42
250,36
550,70
5400,150
285,35
780,110
420,60
675,72
740,60
380,60
800,100
550,74
1399,117
525,75
330,60
750,65
450,58
450,54
2900,185
550,60
70,10
580,57
430,48
395,40
269,36
300,32
450,90
399,65
625,92
750,120
400,68
450,70
500,40
700,157
220,30
749,45
350,75
370,75
600,60
1000,123
273,38
400,42
350,56
1000,80
750,54
370,67
230,35
440,60
1600,145
450,54
650,65
329,55
400,70
1200,90
590,70
380,35
600,100
2300,200
549,44
1400,140
700,47
450,65
339,40
700,120
470,52
400,44
400,56
1900,140
1250,96
400,39
849,70
380,60
370,72
900,115
599,63
575,80
710,105
580,65
700,61
290,55
1050,87
599,75
600,62
520,80
650,59
625,63
550,75
549,60
400,65
550,58
1200,120
800,83
310,58
550,85
590,65
580,78
420,35
500,70
280,80
475,41
380,60
410,55
500,50
1800,105
300,40
625,61
650,70
650,80
700,85
250,50
470,67
300,55
300,50
480,64
550,60
2200,171
370,55
2300,155
2800,114
500,50
570,44
1500,112
290,40
2800,136
599,85
340,27
400,55
460,40
800,80
350,68
550,46
400,53
1600,150
200,25
450,60
550,90
300,39
500,78
300,42
350,62
2000,125
450,52
450,55
730,100
470,56
1250,120
500,65
419,50
1700,160
500,58
220,23
220,36
450,50
1050,152
500,90
206,30
370,54
500,60
500,57
350,40
300,40
380,36
430,48
393,76
320,30
250,36
400,50
320,55
250,30
550,55
500,83
3500,220
400,50
620,82
3000,286
450,43
550,60
999,55
490,45
1350,111
400,56
1450,95
240,40
630,80
470,50
240,30
1200,88
380,110
375,45
1200,120
2000,139
300,42
800,75
1600,120
1000,89
640,85
320,62
600,70
459,75
300,32
330,60
227,40
270,35
360,50
475,55
650,108
350,55
700,60
349,48
349,50
350,50
265,52
450,46
550,62
350,51
550,63
690,100
380,54
300,52
299,36
1300,120
230,40
250,40
650,70
250,36
3500,220
1500,145
400,50
550,90
450,40
1050,100
370,55
420,50
300,50
300,44
799,90
480,55
550,60
650,86
300,70
350,75
250,30
2100,150
330,52
370,62
500,60
1230,120
2500,229
280,65
400,40
400,80
550,45
400,50
360,53
750,85
400,60
1550,220
395,42
500,58
450,60
1400,105
540,50
300,42
580,60
397,50
1090,100
787,80
600,60
1000,80
280,35
490,56
199,30
2200,160
320,37
550,65
250,34
500,47
280,30
1000,54
210,29
450,45
650,65
1900,170
450,50
500,54
450,67
499,52
450,54
550,120
600,70
800,100
640,75
549,160
599,59
350,30
450,41
570,57
200,18
599,60
450,60
350,57
749,110
550,48
600,80
350,44
350,16
1100,85
380,50
1800,186
310,53
387,46
600,61
250,45
470,100
399,60
900,120
330,40
547,60
1250,102
450,39
300,45
1100,105
430,51
2999,170
350,60
470,80
400,58
789,80
800,105
350,54
250,32
400,80
550,55
590,50
450,52
270,30
890,102
400,54
250,72
460,43
465,73
450,53
650,75
310,40
500,
440,55
450,55
2400,175
350,56
500,55
740,80
650,80
1000,140
390,50
650,70
650,90
300,52
300,49
207,33
550,59
850,80
900,85
309,55
447,48
680,100
320,45
519,70
700,54
1900,190
360,45
329,52
1499,117
1900,209
1200,88
220,36
330,43
550,80
3000,220
550,56
600,45
570,73
700,60
260,40
380,55
449,73
2000,86
420,60
380,60
300,30
550,60
300,33
450,41
1200,80
1000,60
1200,83
399,54
475,46
230,38
350,55
280,40
380,58
500,70
550,60
380,42
600,82
1150,140
400,45
2200,160
350,60
350,57
350,35
1200,150
576,71
400,50
350,60
550,65
320,30
330,45
599,75
350,69
550,70
1800,133
320,40
450,50
450,61
450,66
420,43
2490,174
330,60
2400,180
1900,160
600,74
350,42
277,35
450,55
290,53
570,80
379,41
650,60
500,35
560,54
550,65
600,55
380,40
650,70
1900,120
250,56
459,54
400,55
350,52
5000,250
400,50
690,66
335,52
450,65
350,67
370,40
350,72
390,62
690,110
310,32
520,47
531,60
217,37
800,78
300,60
420,33
350,35
350,68
790,115
380,60
200,33
1500,156
549,55
450,41
499,70
350,36
280,26
350,55
650,62
380,57
300,45
160,20
550,55
400,55
370,50
289,50
399,57
310,40
750,70
339,39
850,110
300,65
830,140
280,30
300,40
2200,126
350,38
549,80
260,80
230,30
401,50
2000,170
850,67
400,34
250,14
450,57
650,60
450,52
250,42
800,129
350,40
475,75
800,72
300,54
420,50
600,68
330,52
3990,230
599,62
599,84
400,75
350,45
319,40
800,80
495,55
500,50
600,70
370,58
320,65
360,60
600,82
480,70
320,58
320,55
450,48
1250,110
390,40
260,29
1100,112
790,72
439,89
470,45
500,80
460,45
550,75
900,73
565,65
330,55
450,80
430,55
360,50
600,57
600,60
750,50
540,60
220,20
830,72
450,50
320,34
450,75
420,51
499,73
280,40
1180,90
280,45
500,80
1400,75
400,95
989,100
350,60
300,40
400,40
1000,130
250,33
1000,58
330,57
450,43
1500,151
400,55
330,65
390,69
659,85
350,38
400,68
430,46
289,50
650,75
450,59
1500,125
450,72
330,45
490,43
300,30
1100,97
500,51
900,45
450,41
550,65
450,57
350,58
399,40
340,50
530,83
399,56
329,50
449,75
1799,170
500,40
300,30
600,60
350,52
280,30
331,40
850,80
750,77
500,52
2900,140
450,45
570,87
800,75
2200,150
400,45
3000,156
1200,145
300,37
425,44
500,48
479,65
400,80
5000,250
570,65
205,33
500,62
340,34
299,43
600,76
499,60
680,90
290,40
430,50
450,65
530,58
590,60
450,50
700,110
550,53
850,80
350,55
2300,181
700,90
950,110
490,50
300,45
299,42
350,56
349,40
350,56
575,60
440,58
330,55
480,57
330,37
360,35
650,65
319,45
280,30
520,80
450,55
400,57
300,55
500,64
230,37
499,80
450,44
330,50
700,73
220,30
530,50
2300,200
340,40
675,57
1199,105
349,38
310,84
699,70
690,70
260,42
370,75
1600,100
370,40
500,60
1400,
480,75
400,52
965,76
600,48
500,55
550,68
470,50
450,58
1200,80
397,30
1350,80
750,82
390,60
847,80
330,70
485,67
1175,90
350,28
650,60
1299,120
360,40
900,80
549,55
420,64
400,35
430,85
260,54
600,82
499,65
380,56
650,62
300,30
525,54
550,50
550,90
999,70
430,55
330,50
500,53
450,54
275,20
280,40
588,65
650,67
330,54
475,60
449,50
650,64
1400,150
350,42
250,30
600,88
519,51
380,54
600,80
459,66
900,90
800,120
500,55
330,55
750,62
380,50
450,65
800,70
270,30
280,65
325,60
350,67
1400,98
560,60
340,30
499,60
400,51
599,65
300,47
299,40
450,75
1050,125
270,50
1300,81
450,50
1000,65
1390,121
500,50
300,50
550,82
840,115
250,30
490,73
900,93
260,30
280,30
350,27
248,42
1700,88
250,35
3200,180
1500,156
330,52
425,70
320,30
1500,110
2500,194
1000,100
800,110
430,75
360,55
385,50
300,52
2100,127
750,60
1250,146
650,73
3700,222
350,30
967,110
650,110
2650,150
470,50
206,40
400,70
320,30
399,52
320,55
500,70
530,66
410,51
2000,170
799,100
299,32
730,80
540,50
350,35
450,40
300,55
380,80
450,53
890,86
600,65
1100,100
420,72
600,56
2999,165
550,58
2500,131
375,37
450,50
250,34
600,53
330,50
500,58
1200,114
2300,180
450,52
450,50
350,52
350,32
450,55
320,30
690,75
850,75
1600,143
1700,110
399,39
850,65
850,110
600,58
500,48
300,65
325,45
500,70
1300,111
1700,170
500,60
550,65
600,90
1000,64
579,74
270,32
1000,120
310,56
675,73
750,70
1100,55
730,67
560,82
525,45
2000,160
800,95
770,81
410,53
550,58
750,65
450,75
270,35
395,50
399,50
420,60
2950,210
430,54
390,67
799,70
280,55
310,42
230,43
360,70
440,42
499,56
399,55
320,52
1200,120
597,60
500,73
1100,97
1500,130
320,39
290,35
430,54
375,70
270,38
530,50
550,55
701,98
360,42
750,100
270,32
550,60
300,40
449,65
450,65
540,74
330,55
700,89
410,70
449,58
300,56
230,32
300,55
449,50
750,55
1200,120
460,51
340,50
2400,300
950,90
700,47
320,50
400,54
600,101
400,40
750,70
1100,80
750,76
1500,130
450,55
439,52
680,152
220,35
330,36
400,80
625,63
450,61
350,35
370,47
550,80
330,38
2500,113
450,85
850,75
220,25
500,74
350,35
450,55
330,42
300,36
250,30
300,43
999,124
690,90
450,60
350,28
439,45
3950,350
700,66
217,34
300,52
360,72
310,42
430,50
370,42
570,102
570,50
290,55
475,42
1050,100
600,72
1400,97
330,30
515,57
290,70
750,46
1250,100
1000,65
598,50
300,65
450,51
650,72
600,85
450,70
320,
640,85
350,40
340,55
510,70
1500,105
380,54
380,39
850,58
520,59
2200,106
599,57
570,85
800,110
1250,96
650,46
459,87
1300,89
250,30
650,75
400,55
1000,143
750,60
290,35
750,73
390,60
360,37
700,55
990,105
450,49
850,77
550,78
400,45
799,133
760,70
430,50
260,36
300,64
3599,190
450,60
350,37
650,92
550,50
360,50
500,61
650,67
2950,140
1200,120
600,70
414,60
260,33
430,64
350,45
400,70
750,71
500,72
400,52
780,92
580,73
369,56
3700,165
1200,130
380,38
530,52
750,90
800,105
320,36
490,55
207,36
249,32
570,55
425,56
600,84
670,56
250,35
1400,80
250,36
500,80
530,80
530,76
350,40
520,65
450,52
2900,150
550,60
350,60
999,140
330,45
300,34
400,70
750,120
1000,100
695,100
350,40
1200,119
300,50
470,68
625,64
500,59
999,75
450,56
400,90
1900,199
220,20
550,38
329,32
300,30
500,87
1500,200
850,70
650,61
500,80
1190,82
430,80
490,73
350,50
500,70
450,68
1200,112
699,95
280,42
210,30
1000,120
549,125
391,60
250,24
550,79
265,30
400,42
310,43
660,100
595,75
540,54
500,90
400,50
449,34
290,35
499,72
350,28
690,75
700,70
420,73
1100,84
2750,176
530,62
480,51
460,52
549,120
430,65
480,51
300,37
330,56
260,40
1800,200
950,71
300,50
500,80
675,85
548,60
400,60
450,43
580,70
350,66
650,68
347,40
1200,100
1700,120
690,82
750,110
299,55
250,30
400,60
900,80
380,52
797,100
400,60
675,65
500,56
2500,170
335,40
400,58
600,82
900,100
440,40
280,42
690,80
350,45
500,60
400,55
420,50
400,64
1000,50
340,60
350,54
330,60
375,33
400,60
1150,140
300,37
380,65
450,67
400,70
450,60
1900,129
580,61
380,50
290,37
330,55
1200,111
500,55
300,60
600,75
1100,120
350,60
500,60
400,60
230,33
360,28
600,50
600,105
420,64
230,32
825,77
550,65
510,55
550,90
750,75
450,56
596,60
550,69
420,53
520,54
600,60
650,80
950,83
580,52
375,60
500,50
1000,60
740,90
847,100
680,78
370,50
949,110
580,82
370,33
900,80
479,56
1000,120
600,60
429,63
260,45
550,60
3500,180
400,70
300,50
850,103
400,60
400,60
630,110
400,50
250,32
620,85
289,50
899,118
500,65
3700,198
849,90
248,42
350,49
1100,85
800,125
1600,105
310,50
350,52
499,55
550,52
390,57
420,40
599,84
390,33
400,60
1600,115
450,63
330,40
800,77
1400,110
460,52
550,63
449,54
1800,146
340,38
600,58
550,75
450,60
450,38
250,32
370,85
500,80
210,35
300,50
319,31
250,38
450,55
425,65
360,33
850,70
1100,97
245,38
500,65
440,44
399,49
600,58
500,58
380,70
800,60
397,53
470,59
350,51
230,30
650,85
350,76
350,52
230,40
397,55
550,50
399,65
250,60
470,73
480,54
230,32
600,65
400,46
490,64
800,109
850,80
520,55
430,55
424,60
1400,100
400,63
1500,160
270,46
400,52
450,98
540,88
347,35
350,55
400,80
550,55
399,56
1550,141
1000,69
330,60
500,87
390,65
440,50
799,80
400,60
385,80
350,54
280,50
599,60
500,70
380,55
340,32
300,30
315,52
300,25
550,55
1700,139
1600,150
250,36
450,40
350,70
550,75
300,55
400,47
950,55
400,50
269,42
300,55
420,65
375,55
579,58
300,52
427,55
550,52
350,50
460,55
500,54
2200,165
700,61
570,64
1100,120
500,57
1200,120
450,90
400,75
450,70
420,54
300,65
375,50
650,50
260,42
370,57
2200,165
999,90
369,58
500,55
260,50
350,65
450,80
2450,170
450,55
799,135
570,100
549,60
699,70
550,52
725,100
475,70
350,50
310,45
1600,142
500,56
500,55
847,62
310,45
800,96
450,60
475,55
280,65
550,72
399,53
470,70
350,28
270,40
250,30
1390,72
375,37
230,33
500,60
500,57
350,62
320,45
300,35
400,70
990,100
250,35
2500,175
1300,122
600,62
595,65
400,52
2000,125
510,70
669,60
300,32
400,55
500,67
380,55
650,70
300,48
690,79
450,60
309,65
227,40
1000,95
289,42
300,28
330,52
730,110
650,110
590,52
470,55
400,50
880,54
2500,174
540,40
550,80
450,50
680,62
1100,200
580,74
450,65
999,120
1500,125
380,60
320,54
390,75
670,73
420,50
350,52
420,50
420,75
730,73
500,55
250,30
310,55
450,70
490,60
1299,115
550,80
227,42
699,75
300,32
3000,180
350,45
620,88
399,64
250,29
499,50
300,60
400,62
600,90
250,35
550,70
300,42
700,55
350,40
620,55
499,57
600,82
350,36
370,40
300,32
280,38
400,40
400,45
430,50
450,65
625,63
549,80
600,54
410,81
320,56
1300,128
350,34
550,80
290,48
450,70
3100,129
650,69
450,70
400,80
400,50
1200,115
500,69
299,30
900,75
499,51
1000,150
260,50
850,77
2300,175
800,46
1000,64
380,58
510,
310,48
310,34
540,126
649,62
470,85
995,66
350,52
339,44
750,70
470,78
250,34
399,50
800,100
400,44
449,80
370,61
480,60
1700,180
500,55
550,76
340,53
270,50
900,110
280,50
1090,110
300,45
350,45
1100,85
3900,403
329,34
400,80
325,46
390,39
570,80
1100,143
450,65
649,75
300,41
360,41
350,40
799,90
360,52
500,110
530,65
413,74
997,65
1050,75
250,78
1500,168
450,85
400,31
500,56
580,52
375,38
460,45
399,62
850,47
750,98
300,67
330,40
400,76
400,70
1100,66
600,55
359,40
370,54
700,69
1000,57
697,80
950,80
779,85
1000,81
1950,110
280,33
290,46
550,65
499,75
749,73
400,35
750,58
350,34
300,30
430,60
250,25
350,50
700,59
227,37
260,45
999,60
900,100
350,40
1800,123
850,80
400,50
300,37
450,60
207,37
550,110
847,65
1200,118
730,70
300,70
999,110
330,55
300,50
340,38
250,30
420,60
550,70
600,85
620,58
600,62
650,90
300,30
2200,190
450,55
330,65
550,115
390,75
450,55
500,52
290,30
450,52
650,70
500,53
300,60
425,34
290,35
1000,120
700,110
400,45
400,51
550,75
320,34
950,100
300,55
650,65
1000,54
380,65
300,55
650,60
4400,206
1350,152
400,55
400,72
450,37
590,60
2900,235
300,56
400,55
460,48
770,75
330,42
400,48
480,72
850,70
380,60
390,42
499,54
650,65
700,66
300,40
350,35
480,60
450,70
1400,87
360,49
460,84
200,38
205,55
980,92
630,60
379,45
250,30
335,58
280,42
2000,145
550,95
500,50
519,48
250,36
570,89
500,75
425,34
280,53
430,72
449,54
499,47
895,86
2500,180
350,35
300,42
330,40
299,6
520,55
280,30
350,44
1000,130
340,34
500,57
600,54
550,67
280,46
600,66
399,54
760,80
380,50
250,40
1100,130
590,64
550,75
650,65
550,47
400,68
700,63
400,65
499,45
350,75
4000,240
2200,170
599,80
350,55
360,38
800,76
500,75
460,50
350,70
430,59
300,40
1300,117
400,55
800,72
440,50
580,52
570,60
450,52
350,60
270,30
550,80
370,68
460,45
550,60
500,55
570,90
270,52
280,40
430,75
299,39
447,45
207,30
320,40
700,80
400,52
310,36
400,55
1500,200
500,53
650,48
420,50
675,100
331,54
350,42
395,60
410,80
360,56
929,100
800,88
700,110
350,74
484,65
4400,350
320,35
370,41
550,65
400,
750,88
350,100
495,57
430,50
1900,165
499,69
1500,130
550,82
280,30
700,70
1000,90
450,44
547,55
320,34
419,50
599,60
300,45
300,40
450,50
273,45
300,47
600,90
270,40
340,36
299,55
413,70
400,55
450,50
460,50
1400,98
500,79
450,54
1600,95
600,70
250,45
680,71
1350,88
450,65
330,35
280,60
1750,142
1290,260
300,62
900,120
500,50
800,76
549,55
400,58
1100,69
300,42
300,68
790,110
375,45
300,45
420,38
330,35
400,65
450,48
1200,93
230,40
1400,100
550,59
270,58
380,80
600,58
280,44
186,38
480,60
370,68
350,50
340,44
299,27
450,55
4900,400
480,75
590,73
400,71
1500,90
350,45
600,70
599,90
379,63
1099,97
300,30
280,50
1100,81
230,30
650,60
350,49
460,80
420,51
550,75
550,71
499,51
450,50
1400,120
330,68
480,52
290,35
850,67
350,50
500,52
1000,128
700,60
549,65
2300,140
370,38
340,55
205,58
300,55
230,40
1090,70
540,60
450,65
500,55
775,68
459,51
525,50
380,65
450,63
380,60
550,59
650,70
500,65
650,110
1100,63
400,50
350,52
450,57
750,69
360,42
900,130
400,56
465,55
925,92
1250,130
550,80
370,40
289,42
630,70
450,55
400,30
675,63
1200,107
1300,180
760,75
1700,252
450,64
450,75
1600,140
400,65
500,113
400,65
600,48
450,45
570,82
570,52
1400,124
650,70
255,48
1100,120
320,52
500,70
430,65
800,52
425,85
648,55
499,50
790,110
400,75
449,50
330,45
570,43
520,65
299,40
2500,157
1100,85
490,73
2300,182
490,80
400,60
599,60
270,40
420,47
450,60
425,45
450,50
550,70
850,76
359,30
1200,145
550,50
380,39
260,28
750,81
550,65
350,45
249,45
375,66
410,60
375,52
820,105
320,45
599,100
2600,185
900,105
250,30
240,40
550,80
350,60
450,44
350,54
500,58
330,44
750,70
399,40
430,60
420,55
350,52
650,74
770,75
700,75
550,70
500,60
470,55
649,60
500,70
1000,93
350,52
350,60
350,62
1500,145
900,83
479,60
400,51
449,44
350,40
430,50
380,50
320,60
2200,110
600,51
1100,160
319,60
220,42
395,35
300,37
850,70
330,52
480,89
320,50
430,55
550,60
600,55
700,65
370,50
260,34
450,64
400,60
250,32
400,60
750,66
470,55
450,68
390,50
265,40
420,55
320,55
550,50
330,42
620,70
350,44
315,42
460,52
270,42
350,65
550,50
540,65
299,45
577,60
600,63
500,55
460,60
400,80
260,30
875,105
500,35
350,33
450,56
350,45
380,45
350,68
380,55
699,82
1100,65
460,55
550,54
600,70
2000,200
499,70
600,62
550,60
411,60
420,70
550,63
499,67
370,40
330,56
1300,120
450,54
600,80
500,90
440,56
650,63
255,42
720,70
470,50
520,85
2000,128
3100,129
270,32
237,42
950,90
500,59
450,72
667,70
599,55
550,90
1800,130
540,55
400,55
700,90
550,55
650,68
400,48
479,64
300,54
310,27
365,50
590,75
600,75
420,55
2000,130
360,38
450,78
350,56
300,32
1150,62
2700,111
700,100
400,52
415,77
1500,150
450,61
450,70
950,115
1200,95
280,32
280,50
1900,120
400,80
700,60
800,80
790,85
1549,142
290,42
399,56
470,52
520,60
390,47
500,56
330,60
620,55
3000,286
320,42
450,55
400,50
899,123
399,55
800,55
450,57
350,35
430,52
350,36
600,65
849,126
650,70
330,42
500,52
750,90
125,34
2000,200
580,75
380,55
330,35
700,110
1799,165
570,62
3300,350
670,60
870,77
350,66
789,62
380,55
412,62
390,45
300,35
900,86
1590,90
750,65
850,160
499,55
1600,254
350,50
1490,90
370,60
350,35
380,60
950,180
350,50
280,20
499,54
300,60
550,62
250,30
479,56
415,50
250,40
400,52
450,65
1400,85
450,58
360,43
430,58
450,70
550,64
1600,200
350,65
480,55
480,48
320,55
1230,97
1390,181
3000,148
580,96
1150,57
375,50
350,50
320,40
330,36
1600,80
270,40
600,70
790,50
445,75
700,79
1200,110
380,74
750,40
720,60
499,62
700,90
380,77
650,64
435,52
450,62
500,62
450,57
550,80
400,38
230,30
260,42
270,52
1300,113
360,33
520,50
430,85
450,41
949,55
599,48
258,40
700,60
550,58
1800,150
1200,96
360,53
400,45
240,30
280,50
380,54
380,50
550,60
370,68
600,80
300,50
400,80
210,20
1450,120
3000,175
480,70
1500,161
550,55
310,45
700,75
610,60
370,65
250,40
250,32
269,54
450,45
480,55
330,67
3900,230
550,60
790,85
730,120
500,60
370,66
990,105
230,30
520,80
500,50
600,60
550,80
226,34
250,30
2200,180
1050,58
465,70
450,55
280,32
290,56
1000,70
699,90
400,40
2001,138
430,54
330,40
2100,107
370,40
359,40
450,50
340,70
270,43
850,120
525,70
480,55
430,40
400,48
250,30
300,58
1350,112
750,65
350,42
390,53
600,60
550,40
440,60
330,45
410,50
1000,100
450,68
380,52
380,50
350,65
250,34
400,
499,69
230,43
299,44
400,70
595,63
1200,85
575,75
320,42
680,80
730,80
247,42
650,56
500,70
350,44
280,38
650,110
460,90
205,30
325,47
380,54
400,70
500,60
2400,132
350,49
299,22
330,50
399,54
235,34
350,36
205,36
800,125
900,90
430,65
1490,95
1100,86
845,58
395,70
797,100
1100,145
320,95
350,51
350,54
290,30
650,66
549,100
300,55
450,70
1200,100
370,65
700,60
1200,120
419,67
330,44
995,
350,50
480,64
500,78
450,64
500,60
370,56
290,23
550,80
800,63
24,50
619,65
530,71
2200,170
330,55
627,74
253,24
601,60
700,47
900,108
1500,96
320,36
390,67
650,62
350,45
750,80
700,86
750,72
330,65
650,71
1150,98
250,52
830,110
199,25
1100,105
420,70
450,68
2200,165
350,56
1000,89
1199,110
320,50
250,41
411,82
329,43
2699,171
300,36
250,40
250,30
600,54
400,72
369,57
450,56
550,74
500,60
401,53
300,50
630,56
2000,120
270,44
800,135
340,40
450,50
400,56
270,32
330,63
2350,174
2800,170
2600,180
299,30
390,40
599,65
220,40
3500,141
400,78
550,68
400,40
460,50
650,92
450,50
450,58
460,61
450,49
500,75
480,45
250,35
1300,95
490,54
450,60
850,80
500,50
560,48
500,50
500,50
300,47
230,32
570,55
749,85
700,80
350,70
1000,95
350,44
700,55
3500,320
410,53
350,52
330,70
980,100
649,60
500,65
450,66
450,63
650,50
649,96
350,75
320,45
3000,212
650,73
325,25
500,50
850,70
370,52
470,70
300,43
320,54
270,50
400,65
760,86
440,62
479,50
540,54
580,64
950,60
600,88
370,64
290,40
400,74
525,83
590,
380,55
400,70
999,137
595,54
1000,102
450,61
700,75
360,33
480,80
230,33
300,38
280,50
500,46
290,42
270,60
205,40
175,35
270,36
450,64
430,65
450,80
400,50
270,55
350,55
280,35
299,38
449,48
349,50
320,50
600,67
425,37
850,65
89000,67
450,115
1050,165
299,55
450,55
280,35
519,70
649,110
2000,250
1050,80
300,36
1200,145
1300,145
500,60
400,50
330,48
1100,90
310,47
499,65
350,40
790,96
1000,58
370,64
399,42
385,33
130,17
1750,
400,76
700,110
1290,75
750,140
1099,108
500,73
320,49
900,86
430,60
800,50
216,45
550,60
350,55
480,80
750,70
525,50
420,57
360,57
260,32
2100,214
799,100
310,42
380,57
500,55
990,170
1600,98
550,85
500,60
450,55
1500,77
610,65
1000,170
500,70
440,60
370,62
4500,150
2299,150
380,73
310,50
349,34
470,50
500,48
1200,107
226,35
227,35
300,40
470,55
450,50
450,45
449,40
4100,190
400,55
391,73
260,55
530,55
550,63
547,80
1200,107
275,30
310,45
400,54
1500,104
500,43
450,60
1090,120
410,64
1000,120
1600,110
370,40
399,55
340,50
550,75
590,68
850,118
350,60
447,65
540,72
647,62
330,40
450,50
550,76
290,56
450,45
500,60
350,65
360,40
549,50
500,50
400,55
300,55
1150,120
469,60
990,89
1190,85
480,50
380,55
499,60
650,60
1489,110
200,32
650,70
300,37
600,70
350,32
550,75
260,45
900,47
400,63
550,52
450,50
250,32
339,62
700,80
747,73
450,60
500,69
500,80
300,60
360,54
280,38
379,40
1200,80
300,58
360,42
1200,100
460,50
380,40
359,50
599,60
250,36
900,90
400,70
447,50
269,35
335,56
390,50
280,55
247,31
290,42
500,54
250,33
480,80
450,52
500,73
420,60
990,45
750,72
230,33
490,71
260,38
250,30
350,27
980,180
850,90
330,30
500,65
600,72
289,30
1500,100
499,60
1800,96
380,70
500,57
699,70
2550,111
1900,140
350,50
500,50
320,42
500,100
350,44
310,40
800,120
490,51
350,52
329,62
1600,86
1600,182
325,40
300,53
500,92
329,48
320,35
139000,59
300,42
1100,95
380,60
900,109
319,45
230,40
250,35
270,55
380,60
475,70
370,50
375,36
1080,120
450,50
390,65
890,80
380,40
850,105
900,140
3300,176
800,120
1200,83
339,40
250,28
1200,88
2500,170
500,57
470,75
385,56
600,51
995,50
799,90
300,32
330,75
230,25
300,56
450,58
380,60
391,75
3500,148
500,65
750,80
430,70
750,81
250,33
380,40
350,70
650,54
230,35
290,42
550,54
750,52
550,49
380,55
600,82
370,62
550,80
250,31
370,70
360,54
800,80
275,37
900,67
517,60
800,109
340,80
450,56
450,70
975,122
470,50
2300,145
600,90
450,50
850,91
500,60
700,80
270,32
439,55
850,49
700,107
400,40
650,91
450,62
499,70
380,55
400,70
1600,185
4000,240
400,62
440,52
399,58
1249,90
450,55
270,34
350,42
1200,106
550,54
4000,174
300,30
330,37
450,82
1000,80
889,80
390,38
550,56
400,70
220,35
849,89
650,55
350,40
300,48
600,70
340,34
300,40
350,40
850,90
360,37
1500,90
1500,75
500,45
900,100
350,36
450,50
330,32
450,42
2600,170
400,79
450,50
330,45
480,76
400,60
280,55
550,95
570,60
325,45
350,40
450,70
340,70
1199,145
350,50
550,85
873,80
500,70
450,60
450,70
490,50
575,55
299,40
500,42
329,60
320,33
413,78
580,72
700,80
280,35
250,30
450,68
600,70
300,55
635,102
499,56
390,55
380,62
650,96
320,42
350,36
430,45
310,60
550,57
3000,233
600,82
500,60
420,40
160,18
309,32
499,100
470,50
299,42
335,38
800,100
600,100
370,50
1100,85
550,70
350,50
420,60
270,48
290,30
380,64
475,48
330,55
399,60
320,40
449,56
470,80
270,31
380,65
1200,151
350,40
550,65
399,44
370,65
380,55
2500,205
430,56
700,65
350,54
750,76
350,54
979,96
660,70
400,54
279,40
350,65
681,95
250,34
320,58
500,60
290,42
850,110
399,45
460,67
700,58
440,46
2000,163
120,66
350,53
350,69
380,50
1100,85
350,56
699,80
700,57
425,60
649,85
350,25
1000,139
227,35
700,110
380,42
400,58
350,55
499,55
400,44
520,85
700,67
290,65
550,60
1800,120
413,42
3300,150
1250,100
490,60
430,72
410,70
380,55
540,76
350,36
799,90
630,50
900,70
290,38
280,30
500,60
614,90
800,120
309,70
2450,155
450,65
320,55
380,70
400,63
270,30
700,49
350,50
205,36
450,87
590,61
350,35
460,50
550,65
600,81
227,34
499,50
1600,130
349,37
1150,156
360,37
310,42
550,65
2990,202
375,67
350,54
450,50
350,56
650,60
300,60
350,75
240,32
580,55
399,56
499,50
2400,220
430,55
530,70
309,30
450,75
300,40
550,60
250,33
499,60
390,64
300,35
500,76
399,60
450,80
400,48
499,45
3500,140
790,80
689,96
950,83
320,46
400,70
300,55
699,80
447,63
250,30
650,70
490,46
520,75
450,55
430,75
450,60
420,47
530,50
450,60
499,72
1699,122
270,36
400,40
330,41
310,42
490,55
650,70
1000,120
470,72
310,60
360,35
380,70
550,76
500,50
599,60
350,36
600,71
850,106
350,34
480,55
1450,150
430,75
2500,192
400,50
400,
890,68
650,76
1000,90
380,65
600,60
530,65
319,42
1150,105
1400,220
490,68
350,70
430,80
350,
270,42
3599,190
330,75
290,48
430,62
480,61
700,110
1150,100
350,63
400,58
350,42
790,81
440,63
399,60
1350,152
1600,140
500,55
450,49
850,68
599,70
350,45
350,32
250,36
390,50
3500,173
2600,140
230,30
900,93
499,95
520,55
400,82
500,74
550,65
560,66
310,55
413,80
410,75
377,39
450,51
850,80
440,82
380,38
1100,90
350,32
770,75
380,54
206,40
330,55
420,58
700,80
380,50
2498,188
400,65
350,62
300,50
350,40
1900,170
380,55
2200,230
580,52
279,50
500,65
1390,120
499,56
350,55
450,70
360,70
380,22
330,65
1900,200
400,55
400,65
600,58
210,30
480,70
350,56
700,70
319,40
700,115
460,51
330,60
349,54
217,37
495,60
300,48
200,31
265,42
230,30
249,28
260,52
250,50
419,71
700,100
800,120
2300,155
1250,133
309,62
350,45
700,115
315,55
370,33
430,70
790,85
330,39
310,35
749,70
400,
500,55
1300,81
530,50
500,85
670,69
1249,90
1190,82
247,31
270,35
450,44
550,100
360,33
445,50
450,55
1600,98
3600,155
250,35
400,50
330,50
700,100
1600,80
700,76
390,45
699,52
400,34
600,67
330,40
450,70
360,33
2500,180
370,55
350,41
770,96
500,65
570,120
300,52
500,70
280,58
349,52
400,56
329,50
530,65
799,52
480,70
450,58
420,42
700,65
250,29
520,90
630,68
550,57
400,54
530,60
350,28
290,42
625,75
650,70
300,34
300,46
380,74
520,80
450,64
400,73
1000,140
300,60
649,55
480,75
1100,135
400,55
350,42
449,68
250,30
430,55
470,70
380,51
500,68
350,60
850,74
450,54
230,31
640,85
413,80
410,44
270,55
500,78
380,65
400,43
539,55
360,45
470,53
950,110
949,50
300,37
750,80
599,135
590,70
400,55
310,20
300,52
482,55
450,55
335,35
299,36
450,68
475,40
300,75
300,53
450,45
250,37
290,33
514,60
1100,80
250,31
300,55
665,52
450,54
2500,233
2850,98
485,70
500,70
420,54
650,42
400,50
737,93
247,36
549,65
2200,170
350,55
450,68
460,49
550,59
450,50
330,33
350,58
750,70
570,64
220,36
370,70
250,36
400,58
360,42
797,90
460,40
1100,58
330,42
270,34
600,56
630,54
290,42
3500,223
1350,114
1500,175
1600,177
980,93
800,114
450,46
1200,106
400,55
330,55
205,32
1400,117
3990,230
350,65
450,55
470,41
500,61
389,58
380,48
550,65
39900,30
650,60
350,42
490,88
320,75
430,43
500,50
270,42
630,60
350,42
1199,110
550,50
500,70
550,90
258,50
550,90
649,90
750,95
900,70
299,57
450,42
699,90
550,79
750,80
380,42
320,40
500,50
350,42
340,58
350,42
1180,94
190,30
550,90
1750,260
320,45
370,55
500,55
420,51
280,42
625,64
450,44
349,34
1200,80
600,65
300,56
430,58
349,49
450,74
400,52
450,50
499,65
620,54
475,45
550,67
500,64
620,50
540,60
450,65
196,39
300,42
370,55
850,60
360,54
300,50
350,30
525,76
250,35
250,32
575,72
350,50
300,45
400,80
650,55
425,40
400,38
350,75
550,80
260,42
550,54
330,55
550,72
590,80
750,110
550,64
447,62
390,55
420,70
449,80
380,54
410,55
700,90
750,70
600,58
450,90
400,80
1430,164
650,71
465,58
1300,114
440,93
800,135
290,46
600,60
600,65
850,95
430,75
380,55
400,70
449,52
450,57
890,100
350,50
420,52
399,70
299,40
1100,136
250,30
440,70
460,50
3500,216
230,30
549,51
420,57
450,59
4000,270
570,70
1050,87
434,62
790,67
250,45
380,55
300,40
570,70
310,50
2500,133
2000,134
1300,140
660,70
499,65
675,73
549,65
450,90
2600,122
450,65
750,56
299,40
699,113
320,60
295,41
420,58
350,65
2500,160
450,50
320,40
550,44
500,53
280,50
390,72
270,40
420,58
1900,175
420,60
350,42
370,53
580,56
750,70
530,57
550,55
490,70
480,63
485,50
699,90
500,90
1200,106
500,49
470,65
420,50
400,58
450,58
1400,118
649,90
420,50
1000,70
1350,100
2800,176
465,73
550,63
460,45
320,58
450,72
790,125
440,60
275,40
450,65
290,55
380,40
360,60
620,55
359,62
450,48
450,56
750,87
1100,
299,52
220,28
3990,220
350,60
480,77
780,70
267,37
3500,210
500,70
550,70
350,60
285,29
650,68
750,84
289,58
370,35
400,67
1599,93
690,60
450,67
400,50
300,40
430,45
320,30
350,60
1000,150
550,60
240,34
350,69
1250,170
450,50
600,80
310,58
550,70
1400,107
210,25
2990,145
299,42
500,75
300,42
549,65
200,35
670,60
207,35
450,66
319,30
420,65
450,60
580,65
380,45
498,48
300,54
580,112
1800,167
400,67
1200,65
800,70
1199,200
850,130
430,50
3000,180
330,33
520,70
300,52
300,55
700,62
1700,76
530,65
570,43
600,94
847,50
330,45
450,60
325,45
420,54
850,130
300,37
985,108
625,63
350,51
790,80
447,50
1800,167
1250,128
900,80
460,76
790,80
350,40
2500,183
349,70
290,38
400,55
330,40
300,38
250,52
570,50
360,55
500,83
475,55
999,90
500,53
350,41
400,38
599,70
400,65
380,55
299,40
430,45
320,42
475,70
400,50
497,50
340,70
1200,86
650,90
2000,190
420,45
799,82
750,120
320,54
1000,110
290,40
330,50
411,48
500,60
230,40
430,53
670,80
650,75
500,60
1199,156
550,149
360,61
300,47
420,72
400,50
350,52
320,40
280,31
600,50
550,79
217,35
400,48
1300,111
430,70
950,85
350,75
1300,91
600,82
700,98
550,55
699,65
420,65
300,40
350,56
420,55
372,56
230,30
400,60
846,94
350,57
699,80
450,75
600,61
650,65
749,57
850,75
450,90
1800,126
350,78
1250,133
860,67
230,30
1600,140
2190,130
420,58
2100,135
350,32
260,42
400,54
600,75
380,38
850,130
800,160
360,37
350,70
500,95
549,50
430,57
500,60
400,45
320,40
550,45
400,56
480,70
350,51
411,75
1300,95
550,95
750,90
330,45
400,45
600,85
599,50
450,75
450,55
2600,130
400,52
450,56
570,70
600,55
299,37
300,54
400,56
350,60
460,40
280,55
700,58
650,46
415,53
420,50
379,75
450,45
300,53
675,60
330,50
280,44
330,30
290,47
439,40
600,75
260,50
675,67
500,61
639,58
550,71
330,50
399,65
550,80
550,110
320,42
450,55
987,84
750,100
425,31
490,88
300,30
260,40
2300,145
420,60
400,55
300,47
400,65
1500,112
450,56
420,50
2550,168
350,55
450,65
599,78
1250,96
1450,80
850,58
280,29
400,52
1400,130
350,70
350,60
570,70
420,40
370,35
889,65
390,50
350,40
650,66
350,38
500,50
1000,139
310,40
599,63
450,87
400,56
699,86
490,72
450,40
2800,170
412,48
200,42
490,68
750,85
360,36
250,42
380,68
450,68
1000,127
1975,235
2000,185
550,58
590,67
420,62
650,95
350,30
500,50
280,30
500,94
370,53
330,56
400,48
320,62
269,40
450,50
330,65
580,75
2500,200
370,38
630,75
550,90
1200,115
450,70
1500,170
1200,90
420,73
300,45
400,53
1200,140
350,39
950,60
470,60
450,48
500,52
380,51
550,65
1500,120
450,95
600,67
450,45
450,66
650,65
900,85
280,31
359,38
310,36
650,60
350,40
500,75
250,32
400,67
470,80
413,74
400,51
330,55
290,36
850,53
370,54
1400,129
399,51
400,43
380,70
1200,130
320,43
300,42
600,54
790,85
400,65
900,54
4000,326
300,47
500,60
500,55
730,85
361,35
340,48
2300,135
480,67
450,51
499,50
700,90
650,65
500,90
1050,58
350,32
470,105
320,56
320,30
2000,170
300,35
1800,180
450,75
480,58
350,45
450,65
750,64
290,32
669,65
550,85
420,70
250,35
2000,100
450,45
330,65
1200,88
390,48
360,40
500,47
400,50
450,60
420,46
400,46
500,57
470,50
1000,70
350,54
3599,238
2250,180
399,53
380,58
1200,95
370,55
1500,155
699,93
800,100
550,41
590,76
550,80
480,60
270,55
840,115
449,55
490,57
450,40
320,42
1100,120
1400,133
290,45
360,58
550,83
600,80
800,94
290,43
699,93
660,70
400,70
206,35
1300,105
450,54
747,75
500,50
699,72
500,56
550,70
227,35
275,34
480,64
449,60
270,25
920,70
490,46
900,130
450,80
400,64
2200,180
479,74
380,33
375,58
450,60
750,40
480,80
499,87
1250,90
450,45
2300,115
500,60
560,100
310,52
400,80
450,52
500,70
360,50
370,50
2300,140
350,43
320,45
300,53
1300,99
1400,120
379,55
299,42
310,62
400,55
450,43
450,78
450,62
430,55
320,45
680,67
400,56
530,60
300,35
430,56
227,40
550,80
509,60
747,88
480,56
300,56
950,76
390,38
1100,60
5800,285
399,55
675,75
290,65
400,56
250,30
600,65
450,72
625,63
270,42
400,75
2000,160
430,50
400,50
399,32
520,78
320,45
600,75
340,43
250,35
271,32
300,56
399,42
890,80
650,106
400,65
400,40
340,57
350,43
300,55
430,61
450,55
350,54
670,78
450,75
770,76
500,70
340,65
450,60
2050,135
800,50
370,51
450,65
600,71
350,65
550,70
650,86
1200,140
320,30
600,55
320,54
480,70
800,72
270,35
599,74
570,58
399,60
300,55
480,65
500,72
270,33
750,77
999,127
280,21
380,70
250,40
3600,223
820,110
1250,110
360,35
450,64
520,52
349,60
680,54
469,50
1500,140
1000,90
300,45
400,42
385,58
550,70
650,54
2100,192
1100,95
499,50
2500,167
475,70
499,72
299,30
839,110
300,30
550,61
330,65
650,128
700,79
500,102
500,60
2200,130
480,58
420,63
850,80
330,30
1000,100
250,40
2000,150
630,60
1500,146
350,55
389,70
600,85
1150,90
999,62
250,30
500,80
395,54
400,64
350,50
380,55
310,44
289,40
200,32
499,56
750,58
630,80
350,51
600,60
280,35
500,80
900,55
330,62
450,57
550,86
400,80
360,52
500,89
890,80
900,160
290,36
1350,95
500,60
450,75
340,42
490,50
9500,240
500,67
460,65
285,27
500,70
500,50
500,58
370,39
350,35
950,130
380,65
730,57
850,110
1250,56
320,60
1950,215
220,36
490,78
350,38
429,57
360,52
330,55
530,85
350,63
300,28
1000,122
400,70
2500,190
350,64
257,31
1800,120
230,35
1250,128
4500,
419,80
480,40
500,60
290,48
350,58
500,68
720,70
597,58
400,60
420,58
320,22
330,50
410,75
300,55
500,60
480,64
310,55
425,35
2600,250
250,42
350,55
390,95
550,70
547,65
790,60
3500,165
300,41
400,68
449,51
440,60
400,42
360,52
400,35
100,11
600,70
1097,100
550,59
450,56
390,75
250,30
850,112
350,48
267,32
1200,89
520,106
330,54
550,55
390,58
280,34
280,42
2000,180
300,50
400,60
400,
300,42
800,82
300,45
670,64
1100,160
800,135
450,52
950,140
600,62
370,68
600,54
500,60
349,38
350,34
2850,205
300,46
450,65
520,90
1400,131
430,38
450,60
850,79
550,60
400,48
449,50
1250,100
400,85
550,56
1300,180
601,83
290,35
350,70
340,47
2000,150
350,40
800,185
1900,145
1000,125
320,73
500,57
500,56
300,34
430,56
600,110
500,70
400,54
500,64
1600,120
650,65
850,47
500,81
400,40
1599,150
400,70
350,50
480,48
296,40
350,45
1800,130
650,92
380,85
499,60
597,60
490,50
750,70
500,125
599,63
1225,170
400,65
2200,165
330,34
380,55
400,55
350,37
1000,120
449,40
500,80
690,
849,55
350,34
800,75
450,65
400,100
2600,230
450,60
1200,80
370,68
450,50
850,53
330,48
2000,124
380,62
350,40
500,80
1300,144
1000,89
400,45
400,75
350,70
450,55
350,55
500,100
2000,181
899,130
800,90
420,55
900,83
330,35
320,47
550,70
1000,89
2700,140
390,57
450,60
1200,89
230,25
350,50
550,70
1300,84
375,42
450,60
280,26
600,75
290,46
320,45
450,45
499,50
420,40
2500,160
430,60
650,72
400,64
400,
1200,105
880,45
449,70
500,53
650,100
730,80
390,55
350,60
600,59
3300,150
250,38
380,36
370,60
548,60
880,70
270,36
3000,500
450,55
440,43
550,63
290,37
200,18
300,53
248,38
340,39
349,55
420,60
680,110
480,52
450,76
800,90
330,40
800,55
480,58
750,95
449,73
450,50
400,58
2000,160
2200,165
497,50
300,48
500,56
450,80
230,30
750,60
600,51
450,75
330,52
550,55
449,51
300,60
370,40
290,42
2100,230
700,82
749,90
230,38
350,42
480,44
400,
849,58
350,33
420,55
400,60
350,38
450,70
359,38
485,47
3100,176
600,50
399,65
450,66
450,36
475,45
577,68
390,37
340,40
350,70
270,50
490,55
380,75
550,65
447,65
349,52
580,65
600,73
399,80
350,33
412,97
270,25
450,50
280,45
750,65
1400,96
350,45
550,55
450,53
150,30
890,80
450,65
2200,169
1500,105
450,75
430,100
450,60
1900,150
280,50
2449,150
1000,60
530,60
339,50
320,40
290,45
550,76
390,62
300,35
420,50
410,51
370,57
699,65
470,77
330,36
999,60
309,70
350,36
320,28
227,38
265,60
500,80
600,120
300,47
330,52
1350,100
749,60
650,65
1600,190
600,74
350,40
1700,165
840,170
680,60
1000,60
1600,220
880,110
280,37
330,50
330,50
600,65
340,42
395,45
750,65
3500,141
450,70
360,55
900,80
250,40
390,56
249,37
320,30
250,60
480,84
430,75
350,64
550,54
850,81
420,73
600,45
369,70
300,52
330,55
360,48
250,25
500,58
380,
420,55
410,81
1400,117
749,67
420,70
900,120
400,46
1500,95
350,47
300,32
480,50
3500,205
550,50
699,90
250,35
449,65
400,50
400,59
350,44
800,70
500,60
1000,76
1600,120
380,57
630,98
414,90
600,70
470,50
920,180
400,65
550,80
490,56
300,28
1200,83
295,35
530,80
549,80
450,71
1499,112
540,75
850,110
320,43
600,94
700,70
340,49
650,60
330,62
650,67
330,50
599,50
380,60
370,35
350,44
400,65
330,50
380,60
430,60
1600,140
679,71
350,55
400,52
460,72
320,30
350,45
330,25
600,110
630,85
480,50
350,40
700,90
400,47
685,60
250,50
230,28
1600,137
800,100
450,82
750,65
525,80
430,50
500,65
650,115
260,55
800,75
490,62
2500,170
750,55
900,90
700,70
300,64
1000,200
267,31
400,
250,36
320,35
850,110
300,31
700,70
419,60
600,96
460,
250,42
1300,120
649,65
350,41
1450,164
450,76
1400,115
350,53
450,65
230,33
770,60
600,58
190,35
420,48
1300,84
320,40
850,95
350,50
620,78
600,82
400,50
395,40
500,46
1800,110
489,60
700,67
481,70
270,50
299,38
300,70
500,53
1200,153
425,55
400,40
3000,286
1300,200
350,37
2000,92
205,40
450,63
350,30
300,48
226,35
350,54
450,50
2200,236
350,45
700,70
440,46
700,61
480,75
300,33
340,47
600,54
500,65
500,72
600,58
250,38
1400,100
300,34
399,45
250,33
420,55
500,62
450,61
1975,235
320,55
227,40
2200,248
380,55
490,50
310,60
350,50
600,70
299,28
575,90
400,38
499,60
370,60
550,60
450,60
1900,141
549,73
500,72
350,54
280,36
2200,165
690,75
410,60
280,58
899,83
500,72
289,52
380,70
420,77
550,65
450,66
477,70
400,67
300,21
1600,180
330,75
280,50
360,55
700,56
430,57
530,70
550,65
2300,210
380,52
250,33
549,55
370,65
499,55
350,35
350,50
400,60
399,52
950,204
1900,180
420,75
420,70
549,68
700,100
589,50
850,93
290,40
420,38
550,50
1799,56
1099,120
499,80
350,52
750,74
350,46
1000,112
270,53
475,53
330,72
1099,130
460,58
309,60
600,70
559,78
550,90
1190,125
450,80
550,90
1050,98
330,60
689,90
250,30
850,86
549,60
450,58
1200,82
1250,90
599,77
300,36
400,55
975,80
300,30
340,45
499,77
250,40
279,44
400,50
1590,126
399,55
425,53
1499,100
720,83
600,58
700,80
599,58
490,90
2000,120
1100,103
350,70
600,72
1300,111
370,52
270,37
325,36
600,65
650,92
529,100
650,60
2400,141
550,46
420,73
699,90
400,72
1000,80
355,49
2800,262
700,75
477,48
850,120
700,90
1050,110
550,67
1100,86
700,65
900,84
450,55
450,58
390,35
250,32
400,50
499,60
480,75
220,25
320,60
500,60
290,40
450,45
320,50
1000,110
380,70
480,58
450,65
340,44
600,55
499,72
300,40
360,65
499,47
500,72
630,65
425,43
800,90
790,70
2100,180
1000,100
650,72
360,52
850,93
6000,220
650,100
450,75
2800,176
290,40
350,40
399,58
550,72
500,70
425,58
270,20
449,58
280,38
500,50
450,60
350,60
380,63
475,95
206,36
549,88
330,30
850,58
890,100
500,90
1800,154
390,40
370,70
900,100
350,70
400,55
600,51
370,45
480,60
800,120
369,47
450,56
650,95
349,39
550,49
320,60
220,30
400,55
450,52
350,40
1499,151
500,80
320,50
390,32
450,65
1100,120
650,54
350,55
370,53
600,52
375,35
340,40
300,58
300,50
850,110
479,55
2100,124
350,50
1100,138
227,37
300,34
350,40
600,60
300,45
1200,120
330,74
1200,140
550,50
